{"banker 195.jpg": [[220.68439002339971, 200.3751481596458, 192.6463080362559], 220.68439002339971], "banker 103.jpg": [[219.26194380238445, 174.37086912669787, 160.77002208123255], 219.26194380238445], "banker 245.jpg": [[215.42284001470225, 174.56173692994693, 156.41419372934158], 215.42284001470225], "banker 160.jpg": [[214.96511344867102, 173.64619201122724, 160.74078511690803], 214.96511344867102], "banker 116.jpg": [[213.92615548361542, 177.5623834036928, 162.3095807400167], 213.92615548361542], "banker 233.jpg": [[213.49004660639335, 169.38594983055708, 154.74107405598554], 213.49004660639335], "banker 12.jpg": [[210.59534657726888, 167.25788471698428, 149.4596935631811], 210.59534657726888], "banker 19.jpg": [[210.30882054730847, 156.81198933755033, 141.60720320661656], 210.30882054730847], "banker 256.jpg": [[210.28552018624583, 171.42986904270796, 158.13032599726088], 210.28552018624583], "banker 4.jpg": [[209.8590002835237, 169.31272840516155, 159.2953232207399], 209.8590002835237], "banker 38.jpg": [[209.71647527078076, 169.73037441778064, 150.7388470169518], 209.71647527078076], "banker 140.jpg": [[209.71504476312614, 159.28716206901296, 143.5451148594058], 209.71504476312614], "banker 25.jpg": [[209.35615586841482, 170.84612960204865, 157.59251251249216], 209.35615586841482], "banker 280.jpg": [[209.1038019740435, 168.11543653097416, 155.3582955622261], 209.1038019740435], "banker 239.jpg": [[208.07162228425096, 163.89142747563096, 149.04831431452018], 208.07162228425096], "banker 53.jpg": [[207.66367039036942, 164.83142904191544, 151.8545356583069], 207.66367039036942], "banker 58.jpg": [[207.38755989692342, 169.4201876991051, 155.02193393194398], 207.38755989692342], "banker 37.jpg": [[207.2824160414964, 168.04166150095043, 154.90125887157922], 207.2824160414964], "banker 36.jpg": [[206.95555078325393, 169.12835362528662, 154.26730048847034], 206.95555078325393], "banker 201.jpg": [[206.14363924215561, 159.79612010308637, 141.8767070381886], 206.14363924215561], "banker 271.jpg": [[206.03883129157958, 165.6979179108778, 148.52474541301189], 206.03883129157958], "banker 292.jpg": [[205.72992004081468, 159.7917394610873, 144.88547201151673], 205.72992004081468], "banker 114.jpg": [[205.4078868982396, 166.51606529101028, 153.02091360333725], 205.4078868982396], "banker 154.jpg": [[205.24862971527972, 160.4898750700492, 145.1316643603318], 205.24862971527972], "banker 48.jpg": [[204.9926827962403, 158.12083986622383, 141.46377628212815], 204.9926827962403], "banker 131.jpg": [[204.4402113088323, 158.6927849651647, 148.94092788753534], 204.4402113088323], "banker 223.jpg": [[203.9730374338726, 158.7217691433661, 142.52719038836062], 203.9730374338726], "banker 55.jpg": [[203.94509064941965, 162.27507510397277, 146.37827707689416], 203.94509064941965], "banker 266.jpg": [[203.8156029355947, 158.55787586871867, 140.855954790701], 203.8156029355947], "banker 236.jpg": [[202.86744440643994, 168.76314763596937, 153.3062294885632], 202.86744440643994], "banker 165.jpg": [[202.4504877741716, 164.43539764904637, 149.8025366941428], 202.4504877741716], "banker 188.jpg": [[202.24638439289836, 152.11311580531114, 137.11527996543637], 202.24638439289836], "banker 214.jpg": [[202.19347170470166, 155.32353331031328, 138.2331364036858], 202.19347170470166], "banker 59.jpg": [[202.08265635625438, 159.34177104576187, 142.01126715863077], 202.08265635625438], "banker 255.jpg": [[201.82269446224328, 163.3842097633673, 149.5881011310726], 201.82269446224328], "banker 40.jpg": [[201.65862242909427, 154.89544860969932, 141.9781673356858], 201.65862242909427], "banker 283.jpg": [[201.56090890844882, 156.6748224827461, 138.527253636243], 201.56090890844882], "banker 230.jpg": [[201.41151903503433, 158.0291112422012, 142.37907149577848], 201.41151903503433], "banker 52.jpg": [[200.92486157765546, 151.9124748004587, 133.42488523510147], 200.92486157765546], "banker 83.jpg": [[200.75407841436248, 159.42208128110735, 144.54203540838907], 200.75407841436248], "banker 1.jpg": [[200.6210357863801, 164.40559601181462, 151.87955754478614], 200.6210357863801], "banker 162.jpg": [[200.5701872163458, 161.9024397592575, 152.19395520190676], 200.5701872163458], "banker 175.jpg": [[200.39510972077136, 155.90894778684128, 140.5674215456768], 200.39510972077136], "banker 141.jpg": [[199.8999749874922, 161.75227973663925, 145.64065366510823], 199.8999749874922], "banker 267.jpg": [[199.86895706937582, 153.45683432157722, 139.95642178906976], 199.86895706937582], "banker 166.jpg": [[199.83993594874875, 153.49267083479916, 135.34031180694095], 199.83993594874875], "banker 281.jpg": [[199.29124416290847, 160.64495012293415, 146.77397589491127], 199.29124416290847], "banker 151.jpg": [[199.21646518297626, 154.98838666171088, 141.76177199795438], 199.21646518297626], "banker 86.jpg": [[199.0934453968789, 154.7313801399057, 142.12318600425476], 199.0934453968789], "banker 70.jpg": [[198.31590959880148, 164.6262433514171, 147.93174101591586], 198.31590959880148], "banker 248.jpg": [[198.06817008292876, 158.64551679767067, 143.5451148594058], 198.06817008292876], "banker 136.jpg": [[198.0348454186788, 154.72427088210821, 140.99645385611655], 198.0348454186788], "banker 61.jpg": [[197.88532032467694, 157.70986018635614, 144.96068432509554], 197.88532032467694], "banker 205.jpg": [[197.6456425019282, 153.24163924991146, 142.90626298381747], 197.6456425019282], "banker 133.jpg": [[197.5646729554654, 149.538623773258, 135.3344006526057], 197.5646729554654], "banker 290.jpg": [[197.14867486239922, 162.14623029845623, 146.804632079509], 197.14867486239922], "banker 211.jpg": [[196.88930900381564, 156.17490195290662, 143.444065753868], 196.88930900381564], "banker 47.jpg": [[196.62248091202594, 153.1012736720371, 136.52985021598758], 196.62248091202594], "banker 250.jpg": [[196.20550450993977, 165.15144564913746, 159.85430866886261], 196.20550450993977], "banker 197.jpg": [[195.9494832858714, 146.48890742988016, 130.91065655629413], 195.9494832858714], "banker 149.jpg": [[195.75392716367148, 152.38372616523066, 137.45762983552422], 195.75392716367148], "banker 229.jpg": [[195.62719647329203, 154.80503867768644, 138.4478241071343], 195.62719647329203], "banker 264.jpg": [[195.5515277362977, 152.91370115198964, 137.73089704202175], 195.5515277362977], "banker 287.jpg": [[195.54334557841645, 150.68244755113318, 138.5113713743388], 195.54334557841645], "banker 262.jpg": [[194.87534477198494, 157.59187796330116, 142.60364651719112], 194.87534477198494], "banker 279.jpg": [[194.4422793530255, 148.78911250491416, 133.05863369206824], 194.4422793530255], "banker 269.jpg": [[194.3975308485167, 151.0066223713384, 135.53966209195005], 194.3975308485167], "banker 49.jpg": [[193.97422509189204, 152.62699630144073, 132.79307210845], 193.97422509189204], "banker 13.jpg": [[193.815376067019, 150.77599278399728, 135.78733372446783], 193.815376067019], "banker 278.jpg": [[193.64451967458308, 153.97142592052592, 136.5942897781602], 193.64451967458308], "banker 98.jpg": [[193.51330703597623, 155.45931943759433, 142.30390015737447], 193.51330703597623], "banker 46.jpg": [[193.07977625841605, 148.4964646043804, 132.52999660454233], 193.07977625841605], "banker 193.jpg": [[192.95388049997854, 149.7825089922051, 132.30041572119114], 192.95388049997854], "banker 77.jpg": [[192.4053013822644, 149.92998365904, 136.26591650152287], 192.4053013822644], "banker 192.jpg": [[191.9989583305076, 158.30666442067434, 155.1064150833227], 191.9989583305076], "banker 50.jpg": [[191.98906218844866, 144.60290453514412, 129.77056677074353], 191.98906218844866], "banker 157.jpg": [[191.9562450143261, 155.2443235677234, 141.84428081526588], 191.9562450143261], "banker 173.jpg": [[191.41212082833206, 151.13768557179907, 140.48416280848173], 191.41212082833206], "banker 291.jpg": [[191.2830363623497, 170.07468947494803, 165.53247415537533], 191.2830363623497],