{"attraction7.jpg": [[233.15188182813367, 185.0697165935043, 171.00584785322403], 233.15188182813367], "attraction3.jpg": [[220.81168447344447, 171.05203886536987, 156.86682249602686], 220.81168447344447], "appealing7.jpg": [[220.65674700765442, 173.28473677736304, 154.24136928852778], 220.65674700765442], "attraction6.jpg": [[219.86541337827558, 172.7373729104388, 159.28465086128043], 219.86541337827558], "appealing3.jpg": [[217.8816192339317, 166.3033373086662, 148.05607045980923], 217.8816192339317], "appealing8.jpg": [[217.48976987435523, 178.79988814314174, 157.88096782069712], 217.48976987435523], "appealing1.jpg": [[216.3312275192835, 167.37204067585483, 151.85124299787606], 216.3312275192835], "attraction8.jpg": [[215.8860810705498, 160.67295976610376, 144.8516482474397], 215.8860810705498], "beautynorms5.jpg": [[215.44697723569945, 180.45498053531247, 168.72225697874006], 215.44697723569945], "beautynorms1.jpg": [[212.1622021001856, 170.4529260529135, 157.7897335063343], 212.1622021001856], "appealing9.jpg": [[211.05923339195564, 167.5708805252273, 148.6082097328408], 211.05923339195564], "attraction9.jpg": [[209.18986591132946, 153.29774949424404, 135.93380742111214], 209.18986591132946], "beautynorms4.jpg": [[206.10919436065922, 168.0363056009028, 155.21597855890997], 206.10919436065922], "attraction2.jpg": [[205.05511454240784, 158.17395487247578, 139.60873898148353], 205.05511454240784], "attraction5.jpg": [[204.04215250776002, 146.34138170729426, 134.58603196468792], 204.04215250776002], "attraction10.jpg": [[203.56325798139505, 154.2770235647551, 134.73455384570062], 203.56325798139505], "attraction4.jpg": [[202.94334184693028, 138.87476372617164, 130.18064372248278], 202.94334184693028], "attraction1.jpg": [[201.1004724012353, 146.19644318518834, 126.78485713995974], 201.1004724012353], "appealing6.jpg": [[197.9156385938211, 149.06776982299024, 135.07035203922436], 197.9156385938211], "appealing2.jpg": [[192.57310300247022, 138.23675343409943, 117.297058786655], 192.57310300247022], "appealing10.jpg": [[189.40274549224466, 143.41966392374513, 123.35639424042841], 189.40274549224466], "beautynorms2.jpg": [[181.70360480738955, 143.44964273221456, 134.64323228443382], 181.70360480738955], "appealing4.jpg": [[170.76475046097775, 128.68799477806778, 113.71015785759863], 170.76475046097775], "beautynorms3.jpg": [[148.2072872702284, 114.27598172844546, 102.19784733545026], 148.2072872702284], "appealing5.jpg": [[129.7096758148751, 104.36666134355357, 99.98699915489013], 129.7096758148751]}