{"313b267b-1ec9-401d-a4c3-13c7e5e20cd2.jpg": [[228.07016464237492, 181.87028344399752, 164.1943969811394], 228.07016464237492], "600a0181-3515-4fb5-b046-0e122bf0433c.jpg": [[222.47381868435664, 177.6547212994915, 162.01419690878944], 222.47381868435664], "4fc680d5-d041-4414-ba12-18e11e3483c0.jpg": [[220.48174527611124, 173.5920505092327, 155.23981448069307], 220.48174527611124], "a8b43e57-bfa0-40a0-9204-78003335f5eb.jpg": [[215.4325880641088, 169.7515832032208, 156.28243663316746], 215.4325880641088], "0abf1cc1-7d5d-4c0a-abc0-47d20e69a029.jpg": [[212.88870331701492, 161.042230486292, 145.2618325645109], 212.88870331701492], "c03ce47a-ad2a-4610-b981-1f9257f6a973.jpg": [[211.2434614372715, 162.68988905276197, 144.90962700938817], 211.2434614372715], "64f7c621-8217-4256-b8ea-dec7a2a322ae.jpg": [[203.57603002318322, 155.60848305924713, 142.2708684165525], 203.57603002318322], "d6217313-6e65-4e26-8a82-1441dfcc4328.jpg": [[203.0901277758227, 154.6538069366545, 142.88876792806354], 203.0901277758227], "980d4602-d469-40dd-b6a2-5e3329a52213.jpg": [[202.02524594713404, 152.63551356090102, 140.80269883777086], 202.02524594713404], "b748e99a-7b28-4efd-a6a5-c9fc0709b3d8.jpg": [[201.8187305479846, 156.61162153556805, 144.7003800962527], 201.8187305479846], "a409446d-a221-4ee1-9d92-a1c1bae764ba.jpg": [[200.96168789100076, 147.1094830389938, 132.186988769697], 200.96168789100076], "0cd204d6-cb00-4fa6-94a2-989f6de28026.jpg": [[200.68931212199615, 152.40472433622259, 140.6065432332365], 200.68931212199615], "b4c172b6-8577-4129-9623-62bda4222d78.jpg": [[198.5572965166478, 147.5188123596445, 133.51704011099108], 198.5572965166478], "6ec25182-a482-4149-8bb2-607ed980e63b.jpg": [[198.219575218998, 146.366662871024, 132.14461774888903], 198.219575218998], "d9f224ff-d7c5-4326-9d32-311bddd0c88a.jpg": [[196.93298352485294, 150.33362897236267, 134.69521149617754], 196.93298352485294], "89dca4a7-c444-42fa-8b40-4418692ca079.jpg": [[196.4479574849278, 153.35123083953386, 141.37609416022215], 196.4479574849278], "70f2f7e5-4156-4fa0-b9dd-6652cdfcc6e9.jpg": [[196.2121301041299, 148.64386970204993, 136.49908424601244], 196.2121301041299], "4a131c8b-9179-48fb-b7a0-afb0a34e9353.jpg": [[195.26955727916217, 144.87373813082894, 129.5075287386799], 195.26955727916217], "1875bd08-2c45-49a6-aeeb-1edaa8a57e32.jpg": [[193.83652906508618, 150.48322165610358, 138.51353724455961], 193.83652906508618], "fb9461d6-da09-4293-8bd7-04a71c114450.jpg": [[192.5398660018231, 147.3119139784695, 135.24496293762664], 192.5398660018231], "26587488-655f-4e04-9db4-02a98f0351ed.jpg": [[191.7618314472408, 147.5730327668304, 130.26664960764134], 191.7618314472408], "8a3f3d01-7675-49cc-88ab-717da56cdc74.jpg": [[188.5051723428299, 138.94171439852036, 126.80299681001235], 188.5051723428299], "12bcc50d-c302-4bfb-94a0-07d28c5682ef.jpg": [[182.64172579123314, 144.39736839707294, 133.8603750181509], 182.64172579123314], "9b4339d0-8ab3-455f-a610-46d98eb11e2c.jpg": [[181.69755089158465, 139.84634424968, 127.27529218194708], 181.69755089158465], "040698bc-3259-4c3a-a8c1-953876bbac1b.jpg": [[180.0466606188518, 136.7099118571876, 127.44332073514092], 180.0466606188518], "5bfa6eea-e3fb-4e0e-8449-720c57e5bce5.jpg": [[179.58062256268076, 135.05702499314873, 122.58548038001891], 179.58062256268076], "a156fb7f-ba06-4ee7-a207-2e64df78e3f5.jpg": [[178.86698968786834, 133.71985641631537, 118.20067681701319], 178.86698968786834], "a8b5696f-8233-401d-9792-cb0bb8b93dc3.jpg": [[178.8244949664335, 129.63178622544703, 115.03303873235724], 178.8244949664335], "2544f649-ae00-4f60-8f1f-b9891ceb4378.jpg": [[177.54436065389405, 131.41765482613056, 117.84311604841413], 177.54436065389405], "b4a8a3c5-b4b5-45ac-a588-b9ca2856c695.jpg": [[177.18182751061127, 131.7626654253776, 120.38438436940233], 177.18182751061127], "e8fcc37f-93ac-4d8e-99f1-8a2a4e88fdf5.jpg": [[176.09997160703918, 140.85879454261988, 131.24023773218335], 176.09997160703918], "1bed04fc-2268-4a33-81da-39887935e69e.jpg": [[175.1290952411963, 136.24463292181457, 119.30129923852463], 175.1290952411963], "dc323ef5-ccdf-4b1f-ab05-df8249d34f8b.jpg": [[174.75182402481525, 132.79081293523285, 123.16005846052526], 174.75182402481525], "7bff9f3d-b6a5-4128-a2c6-b782b6a17df7.jpg": [[173.69858951643792, 121.23695806147562, 106.1159742922808], 173.69858951643792], "cd999308-f6f7-4e03-9d9d-f50e9c3b86c1.jpg": [[170.61477075564122, 148.861008998327, 151.83543723386842], 170.61477075564122], "6d5a19ca-435c-4836-a965-c7ad17774c13.jpg": [[169.0993790645016, 124.9935998361516, 113.96666179194686], 169.0993790645016], "f1199478-b1b6-49f1-9648-6ed5b28bb88d.jpg": [[167.97321215003302, 136.06616037795732, 127.52725198952575], 167.97321215003302], "6304effd-f1e9-4d1c-9e8a-1dfc330fbd87.jpg": [[166.3183694003762, 128.29497262168925, 118.97478724502936], 166.3183694003762], "89e27853-63bc-450c-9df0-405b0dc9afcf.jpg": [[165.74438150356713, 122.62218396358793, 107.01962436861756], 165.74438150356713], "313bc412-4005-42a0-b3f1-ea1bf8449d87.jpg": [[164.76225295861914, 123.21688196022491, 107.81465577554843], 164.76225295861914], "006ed2f0-f00d-4f71-afdd-69de37d6e4a8.jpg": [[160.43316365390294, 115.48073432395552, 104.82843125793688], 160.43316365390294], "81266e6c-b45d-4c47-ae5c-f30a54eff6b4.jpg": [[158.88989898668825, 119.00252098170021, 105.06188652408636], 158.88989898668825]}