{"Fast Food Worker 1.jpg": [[211.9334801299691, 167.69138320140365, 152.0328911781921], 211.9334801299691], "Fast Food Worker 2.jpg": [[197.3631171217155, 151.6186004420302, 138.11806543678492], 197.3631171217155], "Fast Food Worker 0.jpg": [[186.9753994513717, 144.29067883962568, 124.04998992341757], 186.9753994513717], "Fast Food Worker 6.jpg": [[150.2544508492178, 119.97916485790356, 114.31797758882897], 150.2544508492178], "Fast Food Worker 5.jpg": [[144.03194090200964, 93.90846607202143, 86.51589449343976], 144.03194090200964], "Fast Food Worker 4.jpg": [[133.69068778340548, 99.75770646922473, 84.26980479388806], 133.69068778340548]}