{"attraction6.jpg": [[219.86541337827558, 172.7373729104388, 159.28465086128043], "Beautiful Woman", 3], "appealing9.jpg": [[198.37842624640413, 151.8407060046811, 138.58859981975428], "Diverse Beauty", 3], "Fast Food Worker 3.jpg": [[136.73258572849414, 91.96847285890965, 70.13986027930196], "Fastfood Worker", 5], "1875bd08-2c45-49a6-aeeb-1edaa8a57e32.jpg": [[193.83652906508618, 150.48322165610358, 138.51353724455961], "Doctor", 2], "banker 27.jpg": [[190.69347130932405, 149.3037173013452, 135.1717426091711], "Banker", 4], "terrorist 30.jpg": [[125.30442929122658, 89.32972629533799, 76.3347889235308], "Terrorist", 6]}