{"terrorist 177.jpg": [[240.05749311362894, 190.31657836352565, 176.17548070035173], 240.05749311362894], "terrorist 32.jpg": [[240.0412464556873, 187.26772279279737, 167.59057252721587], 240.0412464556873], "terrorist 51.jpg": [[233.97991366781892, 173.41683885943718, 161.4577344074913], 233.97991366781892], "terrorist 162.jpg": [[229.77075531929646, 186.49932975750878, 164.98545390427606], 229.77075531929646], "terrorist 72.jpg": [[229.07247761352735, 183.90486671102536, 169.27137974270784], 229.07247761352735], "terrorist 23.jpg": [[227.58383070859847, 169.46563073378624, 151.76758547199728], 227.58383070859847], "terrorist 160.jpg": [[226.9497741792223, 186.5786697347797, 160.20861400062108], 226.9497741792223], "terrorist 109.jpg": [[222.83132634349238, 167.81358705420726, 155.1766735047507], 222.83132634349238], "terrorist 135.jpg": [[222.79048453648105, 155.47025438970633, 134.80726983364065], 222.79048453648105], "terrorist 205.jpg": [[222.6593811183351, 166.71592605387164, 150.83766107971843], 222.6593811183351], "terrorist 11.jpg": [[221.91394728587926, 174.65508867479355, 159.2023869167796], 221.91394728587926], "terrorist 64.jpg": [[221.03936301030186, 169.00828382064591, 143.55765392343244], 221.03936301030186], "terrorist 224.jpg": [[219.84949397258117, 167.47298289574948, 155.25656185810632], 219.84949397258117], "terrorist 44.jpg": [[218.5955168799214, 161.89564540159813, 142.9153595664231], 218.5955168799214], "terrorist 73.jpg": [[218.302542358077, 166.96826045689042, 152.3824136834694], 218.302542358077], "terrorist 37.jpg": [[217.7884294447251, 166.58871510399496, 148.63041411501214], 217.7884294447251], "terrorist 22.jpg": [[217.65477251831626, 169.47330173216076, 140.02142693173784], 217.65477251831626], "terrorist 27.jpg": [[217.57067817148524, 181.5059227683769, 164.3131157272602], 217.57067817148524], "terrorist 183.jpg": [[216.99539165613632, 165.48111674750083, 147.15366118449109], 216.99539165613632], "terrorist 146.jpg": [[214.8287690231455, 165.7045563646335, 154.1875481353796], 214.8287690231455], "terrorist 189.jpg": [[214.6737058887278, 164.35571179609184, 146.5073377001985], 214.6737058887278], "terrorist 193.jpg": [[213.87987282584587, 170.13759137827242, 151.97762993282927], 213.87987282584587], "terrorist 39.jpg": [[213.71897435651334, 174.91597983031738, 158.00189872276852], 213.71897435651334], "terrorist 131.jpg": [[213.43617312911135, 176.76990694119857, 160.537223097947], 213.43617312911135], "terrorist 24.jpg": [[213.14830517740458, 167.43536066195813, 144.58492314207592], 213.14830517740458], "terrorist 89.jpg": [[211.66010488516724, 165.95782596792475, 148.2147091215983], 211.66010488516724], "terrorist 215.jpg": [[211.45354099659812, 184.291074119177, 169.7615975419647], 211.45354099659812], "terrorist 25.jpg": [[211.18996188266146, 164.72279745074752, 149.16031643838787], 211.18996188266146], "terrorist 105.jpg": [[209.1382317989707, 161.94628739183864, 147.91484036431234], 209.1382317989707], "terrorist 60.jpg": [[208.97703223081717, 153.4301143843672, 136.56573508753945], 208.97703223081717], "terrorist 83.jpg": [[208.95310478669612, 158.43168874944178, 140.18630460925917], 208.95310478669612], "terrorist 98.jpg": [[208.90667772955464, 152.83324245726124, 140.43432628812658], 208.90667772955464], "terrorist 94.jpg": [[208.49364498708348, 162.5976629598347, 147.25623925661012], 208.49364498708348], "terrorist 210.jpg": [[208.29210258672794, 155.51334347894397, 142.91815839843446], 208.29210258672794], "terrorist 35.jpg": [[207.84657803293274, 163.43071926660545, 145.4613350688079], 207.84657803293274], "terrorist 243.jpg": [[207.76188293332345, 152.8581041358292, 130.2720230901478], 207.76188293332345], "terrorist 85.jpg": [[207.48060150288748, 157.8917350591854, 144.8295549948283], 207.48060150288748], "terrorist 52.jpg": [[207.2404400690174, 149.84592086540093, 132.69664652884038], 207.2404400690174], "terrorist 144.jpg": [[207.16997852005488, 167.0604680946393, 153.31144771346985], 207.16997852005488], "terrorist 122.jpg": [[205.91066023885213, 170.25627741730995, 147.80933664691145], 205.91066023885213], "terrorist 104.jpg": [[205.21939479493648, 169.80930480983662, 162.55091510046935], 205.21939479493648], "terrorist 112.jpg": [[205.13848980627697, 149.38942398978583, 134.20506696842708], 205.13848980627697], "terrorist 101.jpg": [[204.96243558271843, 162.89628602273288, 148.03715749770393], 204.96243558271843], "terrorist 242.jpg": [[204.85848774214847, 151.52821519439868, 129.6078701314083], 204.85848774214847], "terrorist 28.jpg": [[204.2841158778626, 150.47856990282702, 133.01804388878975], 204.2841158778626], "terrorist 142.jpg": [[203.73119545126121, 145.38913301894334, 126.98267598377348], 203.73119545126121], "terrorist 26.jpg": [[203.24714020128303, 164.62016887368327, 138.80201727640704], 203.24714020128303], "terrorist 174.jpg": [[203.10686842152828, 156.44807445283564, 134.3569871647917], 203.10686842152828], "terrorist 218.jpg": [[203.06353685484748, 162.55891239793652, 147.01564542592055], 203.06353685484748], "terrorist 206.jpg": [[202.37984089330635, 156.06152632856055, 140.40584033436787], 202.37984089330635], "terrorist 41.jpg": [[202.0485090269166, 158.9735827110907, 142.30811642348442], 202.0485090269166], "terrorist 74.jpg": [[201.20586472565853, 159.84930403351777, 136.92187553491954], 201.20586472565853], "terrorist 91.jpg": [[200.9840789714449, 155.8614769595104, 142.05210311713094], 200.9840789714449], "terrorist 223.jpg": [[200.36466754395596, 150.38018486489503, 131.17850433664807], 200.36466754395596], "terrorist 71.jpg": [[199.83343063661795, 149.17305386697691, 136.4206729201993], 199.83343063661795], "terrorist 181.jpg": [[199.24457332635185, 146.8448160474179, 128.1764408930128], 199.24457332635185], "terrorist 66.jpg": [[199.23202553806453, 150.08064498795306, 129.9823064882294], 199.23202553806453], "terrorist 132.jpg": [[198.96582621143764, 142.8600713985542, 123.6495046492302], 198.96582621143764], "terrorist 226.jpg": [[198.6116814288626, 154.75852157474236, 142.57208702968475], 198.6116814288626], "terrorist 180.jpg": [[198.41118920060936, 165.37472600128473, 149.07581963551297], 198.41118920060936], "terrorist 57.jpg": [[197.82315334661916, 162.01172797053923, 146.2046510888077], 197.82315334661916], "terrorist 201.jpg": [[197.66284425758928, 150.78527779594398, 139.50483862576237], 197.66284425758928], "terrorist 167.jpg": [[197.651207939643, 160.57770704552982, 147.61368500244143], 197.651207939643], "terrorist 172.jpg": [[196.86899197181867, 150.47724080404984, 140.34813856977226], 196.86899197181867], "terrorist 102.jpg": [[196.72823894906395, 155.52684655711374, 135.61637069321682], 196.72823894906395], "terrorist 153.jpg": [[196.56958055609724, 159.66276961145326, 137.44744450152575], 196.56958055609724], "terrorist 84.jpg": [[196.14535426565678, 159.41267201825582, 143.49703829696278], 196.14535426565678], "terrorist 5.jpg": [[196.13209834190835, 150.3030272482893, 131.27528327906973], 196.13209834190835], "terrorist 241.jpg": [[196.03877167540097, 147.90605126227933, 116.32282665066217], 196.03877167540097], "terrorist 58.jpg": [[195.45536574880722, 162.60688792299052, 148.11482032531384], 195.45536574880722], "terrorist 216.jpg": [[195.37860681251672, 147.85668736989882, 128.80993750483694], 195.37860681251672], "terrorist 3.jpg": [[195.2096309099528, 154.3185018071391, 143.05942821079637], 195.2096309099528], "terrorist 237.jpg": [[195.03589413233658, 150.8164447266942, 135.93380742111214], 195.03589413233658], "terrorist 154.jpg": [[195.00769215597626, 155.9583277673879, 141.35770230164326], 195.00769215597626], "terrorist 82.jpg": [[194.34196664642457, 156.54456234567843, 138.54313407744175], 194.34196664642457], "terrorist 143.jpg": [[194.20710594620374, 147.94526014712332, 128.85030073694048], 194.20710594620374], "terrorist 204.jpg": [[193.35459653186422, 146.52098825765543, 126.75093688016669], 193.35459653186422],